{
  "alpha": 0.158969,
  "beta": 0.841031,
  "gamma": 6.328959,
  "r2": 0.025501225726542454,
  "n_obs": 32
}